{
  "signal": [
    {"name": "clk",           "wave": "P...", "node": "...."},
    {"name": "addr",          "wave": "x==x", "node": ".b..", "data": ["index = 0x20", "index = 0x24"]},
    {"name": "addr_next",     "wave": "x55x", "node": ".a..", "data": ["index = 0x20", "index = 0x24"], "phase":2},
    {"name": "tag",           "wave": "x==x", "node": ".c..", "data": ["Tag(0x20)", "Tag(0x24)"], "phase":0},
    {"name": "hit",           "wave": "x11x", "node": ".d..", "phase":-2},
    {"name": "bank0",         "wave": "x==x", "node": ".e..", "data": ["D0(0x20)", "D0(0x24)"], "phase":0},
    {"name": "bank1",         "wave": "x==x", "node": ".f..", "data": ["D1(0x20)", "D1(0x24)"], "phase":0},
    {"name": "bank2",         "wave": "x==x", "node": ".g..", "data": ["D2(0x20)", "D2(0x24)"], "phase":0},
    {"name": "bank3",         "wave": "x==x", "node": ".h..", "data": ["D3(0x20)", "D3(0x24)"], "phase":0},
    {"name": "selected",      "wave": "x==x", "node": ".i..", "data": ["Data(0x20)", "Data(0x24)"], "phase":-2},
    {"name": "pipeline_reg",  "wave": "x.==", "node": "..j.", "data": ["Data(0x20)", "Data(0x24)"]}
  ],
  "edge": [
    "a~>b",
    "a~>c sync",
    "c~>d",
    "a~>e sync",
    "a~>f sync",
    "a~>g sync",
    "a~>h sync",
    "e~>i",
    "f~>i",
    "g~>i",
    "h~>i",
    "d~>j",
    "i~>j"
  ],
  "config": {
    "hscale": 6
  },
  "head": {"tick":-1}
}
