{
  "signal": [
    {"name": "clk",      "wave": "P........|.."},
    ["control",
      {"name": "base",   "wave": "x.=x.....|..", "data": ["0x20"]},
      {"name": "length", "wave": "x.=x.....|..", "data": ["16"]},
      {"name": "go",     "wave": "0.10.....|.."},
      {"name": "done",   "wave": "1..0.....|1."}
    ],
    {},
    ["user",
      {"name": "we",     "wave": "0.1.01010|.."},
      {"name": "data",   "wave": "x.==x=x=x|..", "data": ["Data(0x20)", "Data(0x24)", "Data(0x28)", "Data(0x2c)"]},
      {"name": "full",   "wave": "0........|.."}
    ]
  ],
  "config": {
    "hscale": 2
  }
}
